Id,bikes
1,0.22349148360838844
2,2.9842664453101553
3,2.956346343885368
4,1.1308273596939475
5,3.60586276603595
6,12.595172168362922
7,6.618038563150839
8,4.766517020748045
9,5.787702511721338
10,3.660676937381305
11,7.628462471876145
12,4.266779572601344
13,6.12606640119155
14,7.668790604950224
15,5.683064420029007
16,5.494983048098063
17,8.215607533648226
18,5.170398584511122
19,13.855507544869656
20,4.625558698443193
21,12.183160757825512
22,12.572496657163779
23,9.772232964920143
24,13.825073989645556
25,12.169328444030102
26,16.864465849116392
27,13.492299244833
28,13.023321303195024
29,13.737861974422792
30,11.79333541358112
31,1.0786888768122123
32,2.7754398497464727
33,2.281159001332678
34,4.585377763381241
35,2.3254947154560295
36,6.6048031408946315
37,7.0808975023140945
38,4.617600941613221
39,5.602326297394343
40,5.933818935190524
41,3.752662994033563
42,3.9048494787695773
43,4.270681480743174
44,6.1725410483700776
45,7.577803766885605
46,5.7249834473591354
47,9.242802276472554
48,8.50303269766774
49,7.498708352576369
50,7.704926513585347
51,5.9066025566555584
52,8.639118873116864
53,6.528673274071371
54,7.797035469228958
55,8.168591845106938
56,8.362072355166685
57,8.038008359563575
58,10.294614328365515
59,9.751828230456399
60,9.088049691639256
61,2.2416808177646996
62,9.948212950399446
63,6.523238872676965
64,18.000272362600608
65,0.5662405655396237
66,3.155624834792771
67,3.1934331378222462
68,1.8463435847418097
69,5.771582394175106
70,3.6340258777951178
71,2.6096980545147397
72,9.550916950507023
73,16.666491091846343
74,3.1756694696990273
75,10.593453867505486
76,10.12691558497787
77,10.790371911449803
78,7.293889267921422
79,8.900401192232813
80,7.9203557443942145
81,4.532843758890352
82,13.508575766288722
83,7.741706130067996
84,16.97481358204607
85,11.639511320202663
86,12.64175537009759
87,10.45383128938115
88,10.47895421218509
89,14.152952215577027
90,13.61525860033719
91,20.50840502196978
92,11.924463469385335
93,4.102107690353601
94,11.103914834838621
95,8.446899249582424
96,4.688042718763554
97,8.775308969089632
98,15.760731182522822
99,15.830781722987785
100,2.5269622973502925
101,3.700970696375805
102,13.038649963462959
103,5.674890592679509
104,21.114850770035005
105,15.277254240239815
106,7.053053765200596
107,9.329136025966585
108,4.601826586383867
109,18.917717911049632
110,19.1895518392241
111,17.53148142072816
112,16.63629966994236
113,15.124822547795933
114,14.141892255509308
115,15.28064261283808
116,19.748949430742616
117,15.05078257845473
118,15.706122835566413
119,22.43059062215848
120,14.763275491207375
121,3.9031697753791015
122,7.6466422394789095
123,6.344935586178729
124,4.574004253771754
125,7.901351351266051
126,4.810960609821255
127,9.372427199144678
128,4.995429582300418
129,4.909185962877725
130,6.757135662236708
131,10.845680367025427
132,9.942459158312577
133,9.98025454699664
134,9.157329126321
135,5.649222565706869
136,10.396691186155651
137,7.942112993273255
138,6.632892391328856
139,6.814951594197607
140,12.287217219129442
141,3.1462539278381527
142,8.593834240965824
143,8.71458046043229
144,9.813118008303766
145,9.364739964445882
146,9.962677788657206
147,11.33438788992123
148,10.566589927263713
149,9.682422196166357
150,9.831713687161878
151,0.15397511309067669
152,9.113697766021897
153,1.4107694079193376
154,18.279474483426455
155,5.747607257939546
156,6.099383907744199
157,7.542952961054823
158,22.905286685049205
159,3.947687407715008
160,19.46702095001539
161,2.4367828274304615
162,1.4883563161108042
163,5.794004147214605
164,10.959619213360089
165,6.462282270282478
166,19.892766287522328
167,7.181643634435409
168,6.832227272171
169,18.815448953251607
170,7.770148170213456
171,16.674435877425296
172,15.07393520019297
173,11.356693629318222
174,10.037038882357338
175,9.86912590217824
176,12.877509612491469
177,9.848573243976528
178,14.168587264823312
179,13.167237914982065
180,17.253934468258002
181,2.668862915733402
182,0.9199811163592766
183,6.732319046264337
184,1.7486914317136706
185,3.763420992027414
186,2.8048333632759648
187,1.6498143329651684
188,9.351756509186057
189,4.893364405478156
190,5.988042607954131
191,4.571042963373584
192,6.816103310235282
193,5.057553533690803
194,6.285855299297194
195,6.3161151055582465
196,6.283926762568232
197,10.985915456916597
198,11.847909730573294
199,9.128390350715662
200,14.052776463099669
201,9.204630742614677
202,9.161393521714887
203,13.15239011922873
204,15.085538272550261
205,15.34366522409329
206,11.465263305851053
207,14.456131433725158
208,9.72849821452667
209,15.654883106206478
210,12.729470706413208
211,0.19815955337798521
212,1.0125236797759345
213,2.1597111366403055
214,3.6406152834058334
215,-0.2383062872895078
216,11.071238876259574
217,5.324952023780114
218,21.02011297933262
219,11.245244221133822
220,14.94689849863049
221,2.840709359712288
222,7.447383613246022
223,8.244083845378942
224,5.049456706601593
225,22.111903051018633
226,11.003737354648788
227,4.418765721770906
228,4.989590115926073
229,30.88389685781232
230,0.17098036992266827
231,8.621465034568295
232,9.191075547716842
233,6.93490679605065
234,25.62071225455936
235,8.44776858221438
236,18.02767805958964
237,8.954511659914616
238,16.76109918071776
239,31.283978170773285
240,12.471866870629137
241,3.0194312494264883
242,2.8667329556337124
243,9.599727269772222
244,5.557513949010984
245,2.5501872287798495
246,5.298007002711891
247,5.6715396302113525
248,6.216374547651682
249,5.6683065372390375
250,4.427514476395064
251,3.6209985541407423
252,6.0202601346548175
253,8.146399545391347
254,4.954188308568788
255,12.629090460427449
256,12.296492849737971
257,11.190603832992164
258,7.537062331965771
259,4.642656264403658
260,11.864971577209397
261,7.801482765236329
262,7.144633830123054
263,5.3407721314847985
264,10.25089736474698
265,10.907746071980142
266,9.59925232543509
267,11.901669291212118
268,9.999694989443675
269,11.890979382936525
270,9.722931947879296
271,5.009847835750831
272,3.08235685971054
273,3.482796200296349
274,15.801926361765734
275,2.8580435312513015
276,7.1512314518242075
277,5.130637399580133
278,7.2755290022915124
279,3.822201548844837
280,2.627364912253273
281,5.8932727532716935
282,2.183212245917731
283,4.946804356674424
284,8.649920652014998
285,12.026355899377233
286,8.08602023082178
287,7.0789620993552775
288,6.7548785739741435
289,9.400208032411815
290,7.290267093595244
291,7.614400560815897
292,7.7426172771090584
293,9.48762061607222
294,8.728619577479506
295,10.85424280886392
296,11.725509261358185
297,10.88107915512125
298,10.77771002266285
299,13.074997347922313
300,9.90293317472826
301,3.021920444754931
302,1.9253573235956314
303,3.697366497807164
304,5.045365716090158
305,3.853738093657295
306,4.424566067892918
307,4.724276792677392
308,3.516272923392446
309,5.079090964401821
310,5.521695845209984
311,4.651988474704383
312,2.984702000262839
313,6.767788010958572
314,6.42623600346451
315,8.237731123247134
316,7.205626435472656
317,7.401713930302503
318,9.647233306004841
319,10.076953267140716
320,5.139863062188445
321,8.561248272442445
322,8.983321732351577
323,13.813954287533527
324,11.778799322114555
325,10.78184383002164
326,12.436435684624103
327,12.605357186548114
328,11.63331489064069
329,12.628750598129049
330,12.24048305521751
331,3.497123940152216
332,18.925807488088
333,5.659860061721095
334,2.4508907370588
335,5.906892844792905
336,4.970737058660913
337,13.661942569793633
338,15.029344829314319
339,8.727766330592708
340,3.5891476630158103
341,16.175365240525956
342,8.793178082841028
343,5.003659712628639
344,15.64891293020851
345,6.160656080084825
346,7.445915567272201
347,7.508557111495558
348,19.21618501246725
349,8.932225360970047
350,13.982547853867082
351,12.468005218525482
352,14.222445298337053
353,13.717874254904254
354,11.078421842641697
355,11.044463784274983
356,15.209001160723156
357,16.309880965582707
358,14.376207238030005
359,15.933099732766234
360,14.61589629080914
361,2.000853900681935
362,5.26022238950122
363,0.4589879378376596
364,3.717474196484801
365,5.51003813141376
366,2.72518192636651
367,3.320669142153343
368,8.833835735075375
369,5.93620437864386
370,3.3040015663766553
371,6.774640682615393
372,7.365758085490988
373,7.3611077583500295
374,9.133392119520929
375,14.571757911083395
376,12.674907365520664
377,9.06329610420103
378,7.442992351402069
379,9.573479548655389
380,12.44461037479171
381,10.71948962801915
382,10.673440294143827
383,12.801882469334057
384,15.780215808647302
385,14.320273696716717
386,12.695319116863857
387,12.878324687282168
388,13.079095646661793
389,14.664769551601902
390,11.096227760882282
391,0.2940474063037976
392,6.67769760440414
393,6.035252905699505
394,9.9008282871286
395,1.8974846814560022
396,4.7930849053704545
397,14.55656249148996
398,16.036144001945033
399,18.934569287449786
400,9.298339505326377
401,7.822764269213742
402,10.262917727966446
403,10.787201390782757
404,13.567678404043853
405,14.45949384528044
406,9.777857128532954
407,11.737690999014719
408,15.93055315162708
409,12.910050844614219
410,14.148087468803228
411,8.946408474377964
412,7.012423080434425
413,16.131072673483953
414,13.934990234992245
415,14.390957314493882
416,13.87725866204885
417,14.99122626346801
418,14.306014238570224
419,13.508637836640048
420,16.562536439847804
421,6.8801870963994265
422,4.795280359672846
423,8.963275193460667
424,2.108841650549951
425,4.009843524339411
426,7.635398786776326
427,8.864573872703371
428,12.801123948410442
429,15.589173618842134
430,13.792337410814408
431,16.108767224455544
432,1.8692769515930927
433,10.64502434026271
434,10.357313086305407
435,9.380569487146877
436,11.265900136376734
437,11.635737632228249
438,11.212064370909683
439,16.651203228594845
440,7.2345382506839995
441,11.760364347224533
442,9.54232599538999
443,8.802014133401414
444,15.057706320671098
445,14.475122868679875
446,13.35840271139778
447,15.676281479481782
448,14.20252536415602
449,15.99669690067527
450,13.49805497617032
451,1.9996185158642281
452,4.887759061956927
453,5.917731455434418
454,2.5105779502036705
455,8.607597850808695
456,10.350441950439652
457,5.637044983870451
458,4.451253223132649
459,7.559646195024985
460,5.656024891756262
461,8.339133633574377
462,4.975204580803356
463,12.965366838953292
464,9.247795997432963
465,10.303805944125857
466,12.419072070832984
467,9.772991297214169
468,8.675728364078946
469,11.913510526364144
470,12.193503737704967
471,13.44588197132871
472,9.2393720376756
473,10.321218923882533
474,10.01889361980316
475,9.800094332243821
476,11.498087893018084
477,11.844612880512086
478,11.45022098964625
479,11.804123269830152
480,11.69158058501774
481,6.285449140354005
482,2.9277759198926576
483,7.79108509338129
484,3.547265024888823
485,2.155973402350911
486,10.49283487789216
487,10.00282482352234
488,4.772854599643517
489,14.165453573937077
490,8.679280013898296
491,11.842479789580263
492,8.4697432659169
493,1.875205842185612
494,6.388213854204164
495,8.372054205224973
496,8.169909154578
497,11.001377153573632
498,8.72764306684688
499,16.119404072898973
500,11.6024343054269
501,6.846812241028455
502,11.071252612294876
503,14.28381729031323
504,16.241706150905447
505,15.296784286108922
506,13.705560199262155
507,12.094525723296252
508,13.523345536627778
509,13.878751712198234
510,13.440900337555636
511,3.0778431042227483
512,10.096707861819336
513,16.114028178871393
514,12.055781266864745
515,8.902620829753577
516,2.808694453563149
517,15.050105720057644
518,9.239007137558913
519,9.814456250595871
520,11.044586345682902
521,10.796047325323153
522,9.831376441109573
523,11.168721675259643
524,15.060990419331066
525,4.675837485971185
526,17.33760338647735
527,11.134604037416533
528,13.194172333465687
529,15.144109303525292
530,17.084125005568637
531,8.532237520053565
532,15.407101322827954
533,12.274236337362186
534,16.25755477499181
535,18.689887195811934
536,15.281164327257116
537,11.960051389684839
538,14.234089220872555
539,17.98139089792812
540,13.606763513108733
541,16.524983908003456
542,23.60425296377493
543,24.66095837551356
544,21.64471856150161
545,13.272599607684116
546,23.196477301534873
547,21.141369583570036
548,19.421973291088264
549,19.385938381018462
550,20.96790907774224
551,15.80124777739282
552,13.129758715782444
553,20.002824997558893
554,17.38956749956545
555,16.261912025521763
556,13.15671690423381
557,13.42466718533794
558,21.83548958176337
559,17.114619590289692
560,18.532128435107715
561,12.278652712613782
562,13.425030040272851
563,10.034806778964512
564,15.35150010578128
565,20.45626315884742
566,19.76065235172321
567,23.62755049401634
568,24.935675645508905
569,19.939965282944037
570,19.034594697534615
571,9.026588729231127
572,7.7618582314609625
573,14.183615261307626
574,7.657010306038802
575,10.393149800881075
576,7.376079485299706
577,12.215675554315972
578,11.759354744499275
579,11.867515964941603
580,11.567215094266087
581,7.046026231867938
582,11.846254835188839
583,13.945110708647881
584,7.5220963087999095
585,7.801953721606802
586,8.618632482731465
587,11.701954301190765
588,8.992892363129782
589,7.713184782843045
590,8.770151510615214
591,11.443850777400902
592,9.889855726903711
593,6.13761434211506
594,10.345584433562628
595,9.416766207082658
596,14.243289434066261
597,13.174172431197762
598,14.711302214306505
599,11.793902564526563
600,14.33826981458878
601,3.798870298901002
602,7.76873744881852
603,5.912118120861718
604,1.9895759677459046
605,14.060660440718188
606,6.853635380325814
607,11.431354892531399
608,8.849361580260863
609,7.735413463925443
610,11.137181439172885
611,4.519894862034429
612,7.225167474901949
613,7.282032782033993
614,6.28341447863661
615,10.195467220622483
616,8.456166046145803
617,10.719916157320522
618,14.812940103476617
619,9.773037435300571
620,8.907014641256252
621,10.902909247263995
622,11.234502490945738
623,15.578945465972545
624,11.03496421112354
625,10.611741400434935
626,11.463837886582098
627,10.196922034493399
628,11.710424020350304
629,12.633853726137085
630,14.138872400954629
631,11.198489104306034
632,18.52070756033873
633,13.28816050538677
634,5.7971388254605705
635,18.679321022467636
636,20.50447732534067
637,6.489607414827036
638,2.6753735978554727
639,16.208246569528974
640,17.54754540668149
641,6.813875130584378
642,15.618193225565884
643,12.029589035221484
644,5.0491877396612805
645,4.876724381423085
646,7.66980837458164
647,15.280732081363823
648,17.84104359561318
649,12.490798164419568
650,16.857924665998677
651,14.156071417091027
652,16.1666429625003
653,18.084420068277858
654,14.521779144407422
655,14.41870002333799
656,20.278997428687852
657,14.92432556355531
658,12.163597947588192
659,19.249569946880616
660,13.69855201685166
661,3.863582018902403
662,3.2772289173101
663,8.790703392121484
664,5.3778928299969895
665,4.8172097237178235
666,4.164686544997535
667,9.150046975460269
668,6.196079279053139
669,9.593825295726006
670,3.6360452111025
671,9.193400305207584
672,4.05446011285688
673,10.977015768788972
674,12.923306209244883
675,8.782462296716695
676,7.83563435320731
677,12.177793473768828
678,12.393106135192866
679,15.898078040003064
680,17.989658621652765
681,14.237310959023578
682,12.964480716830797
683,12.034229201361772
684,11.034034035441566
685,12.202806444968836
686,13.181550830369499
687,14.53329665265434
688,13.631997170568857
689,14.910507015439691
690,13.301549960694102
691,12.033729856680669
692,14.032920501651933
693,6.918392506599945
694,19.624249766914833
695,8.413408428333458
696,19.65877559708751
697,6.2049017960903985
698,9.646147375385613
699,17.40003512417686
700,9.866959217227262
701,10.272644944180676
702,6.687728373567391
703,3.4050750164715513
704,21.06453021331432
705,10.318878609062484
706,16.722834570212864
707,16.179934458177225
708,20.23999722572213
709,11.313054079361219
710,9.151202092387967
711,13.917202536116358
712,11.949858730347941
713,20.573711704916104
714,20.587826863367894
715,21.81933124382812
716,14.023311856655077
717,13.829578273193263
718,13.978067699933707
719,18.536015527568168
720,15.700839911316738
721,11.273457098776344
722,8.256973642590207
723,6.944567374325294
724,4.0429154704008035
725,8.157736055985191
726,6.766669843547275
727,12.843736537225489
728,5.745540542963763
729,11.034944483657029
730,11.399640887678746
731,10.353757866711216
732,8.879541033379022
733,5.26716462903612
734,8.727070821444727
735,7.52984847915387
736,8.99623978318591
737,8.255155808124474
738,11.661793351159965
739,9.047645519325844
740,8.33231054460193
741,7.8134189562935354
742,8.148408622714115
743,8.82746913782431
744,10.45547682099538
745,13.49736801798229
746,12.194509343101016
747,9.889102675493655
748,14.148594681495364
749,10.009040160467015
750,11.1071256493166
751,18.187858912965936
752,22.893978447505127
753,8.075475531506738
754,14.590631726262698
755,18.514963870622108
756,19.961628688321543
757,11.915640451668386
758,13.825051585322129
759,20.329432923362674
760,14.824729598403163
761,22.054018846433276
762,13.075679397349838
763,8.754235443795862
764,15.357425478981272
765,14.050993009405987
766,20.16259577823839
767,11.695779456739789
768,14.663260008677792
769,16.225391728550854
770,22.895444877234567
771,19.1893290548705
772,18.110969767252776
773,22.730212605525796
774,20.47587262664719
775,21.910563620357802
776,16.31992952881267
777,14.87524019840071
778,20.4227172921877
779,21.795430033757384
780,19.521405128145062
781,8.323148306216122
782,5.114518725009609
783,13.677469398504975
784,9.627664926551354
785,9.71943559370217
786,13.156079848682962
787,9.59949778212854
788,11.018693865780218
789,6.389505078038509
790,8.884955853256429
791,4.436187000063593
792,4.90168831771699
793,1.320886838820453
794,10.686148754230448
795,14.128196670349162
796,8.287456242013342
797,11.040033238787153
798,10.893143381134152
799,10.887945681285503
800,12.272546204047257
801,4.57659119220038
802,11.02977105927556
803,9.516240697498016
804,13.382007738313957
805,12.881005979674791
806,12.851958965842552
807,10.94825279873043
808,14.699561398557128
809,11.509476888756293
810,11.508330362619812
811,8.281134597216976
812,7.499613750106818
813,14.492427552836112
814,2.407913196890187
815,3.168745970953829
816,6.2504559276598
817,3.2031509305556782
818,11.22887719091404
819,6.472700507913277
820,12.752606064024942
821,7.330584030199247
822,9.487479750661109
823,6.24828047910392
824,5.637740907616113
825,9.51600816742365
826,15.831833023544824
827,13.08052901031277
828,10.063489465059964
829,12.676650936076834
830,16.10711587687616
831,16.81830840930889
832,16.432681161194086
833,10.60975944830168
834,18.128354593216027
835,15.221641620865661
836,13.39519315481001
837,13.141558226351439
838,13.437471991140185
839,14.52609147375404
840,14.973089923407311
841,14.580343804807407
842,20.094941046701088
843,6.472746159441526
844,3.0533187522208802
845,21.381828355612104
846,4.6150823725646495
847,10.138553497242546
848,15.248042932458345
849,9.786986754187252
850,9.230871253534811
851,10.337814105174328
852,9.808118298956582
853,14.142668977267661
854,13.140052907557934
855,15.367694046496073
856,8.949933518513532
857,16.179482013304085
858,18.899125150488526
859,12.096567080535038
860,11.33520262012902
861,15.784672809460073
862,14.953700437740709
863,13.938600386878528
864,16.741910315877522
865,19.34047677637126
866,14.601293254646537
867,14.895041748783777
868,14.27829933482471
869,14.689119429212752
870,14.99104727241859
871,20.21349292473596
872,2.6584265989610945
873,5.892288504003299
874,10.042701527657176
875,21.225733549473944
876,24.825984051464943
877,11.861064168989724
878,22.549870381569956
879,15.777097494246757
880,12.984040093010837
881,1.8353162228489277
882,15.40980226555515
883,24.002575680272507
884,1.910076238137876
885,26.99661220636444
886,8.147036792748011
887,15.63955587135352
888,23.240200926127983
889,26.340580577624706
890,27.9197997202401
891,24.389152308583284
892,21.99243476019225
893,24.009638816408703
894,21.167580123761397
895,19.145783378481426
896,25.97405507420574
897,20.890762887127913
898,31.69022165287111
899,26.75317673293831
900,20.476129691535256
901,0.8234033678930062
902,11.000996428913222
903,2.177299471031577
904,6.3052549895497805
905,7.402354925455361
906,5.560195287767133
907,18.67181813693975
908,5.467203713838252
909,7.221168273528012
910,18.95581417637889
911,7.183208858419981
912,9.719802572953643
913,2.7875601592602726
914,10.436743615728453
915,18.19044158441865
916,11.453615169982605
917,6.048876076996985
918,13.18177072295329
919,13.513525622165119
920,16.18716465169705
921,19.619628115426387
922,14.229252313631292
923,11.866871780594796
924,12.785020482228422
925,12.547637473235236
926,19.960630045601174
927,13.978782134911608
928,15.35805002405413
929,14.735741301427066
930,13.810786849473864
931,9.143136566560068
932,4.170675195479634
933,11.529530801901842
934,7.325625374974576
935,11.482729012197616
936,8.40948995247346
937,10.15900663698444
938,10.738491434390015
939,8.345132354566068
940,8.416645081648117
941,4.659360996220377
942,4.254582760586654
943,4.532114806172951
944,9.681047000871304
945,6.6082927328352605
946,10.158670747168387
947,13.27728509442133
948,9.797365520281954
949,14.376466089308737
950,11.08965619455923
951,11.248822724918375
952,13.465708238938975
953,11.503159618529612
954,14.167129118589928
955,10.831128946716975
956,11.879111665853932
957,13.129650333767922
958,10.283344589962777
959,13.353647914431022
960,12.848005210523844
961,3.7345602004302307
962,24.714982041016125
963,2.0856333971658296
964,30.89249181509965
965,31.312850359938462
966,20.843263511803865
967,29.928035893279944
968,14.126073466275058
969,29.659185034952603
970,7.325501050846923
971,30.137061536953325
972,6.0055892519992256
973,13.99202761805843
974,29.55940549543465
975,9.198659015670707
976,-0.5766756292726566
977,7.683774422093279
978,21.682059921966363
979,2.7220806166191407
980,24.24264022805753
981,39.48324919858567
982,21.904541295794804
983,7.343739524518719
984,28.91541014425747
985,27.69273232651529
986,1.9439042600024563
987,26.671808533055806
988,14.819168580974107
989,26.471595954063893
990,21.873093341887426
991,2.8457857363944448
992,9.116598483763052
993,13.099279141304935
994,4.827233587172523
995,11.935569232707858
996,10.390984905069594
997,15.990540043672853
998,10.217716729309878
999,10.357445791689047
1000,6.729856503111727
1001,13.706843009362156
1002,8.51712349873181
1003,4.063854406129501
1004,10.510242543813394
1005,13.939246313163077
1006,6.32890923283071
1007,10.032080036588022
1008,9.69561278442506
1009,11.37059976299848
1010,7.995388279879519
1011,9.300730176735144
1012,13.123547577673357
1013,18.48531546641334
1014,12.050168856736331
1015,8.43194515866541
1016,15.903547913077995
1017,9.162652032310199
1018,12.845411750281329
1019,16.02594943279464
1020,12.11646593947526
1021,13.15301550448304
1022,8.132951344781382
1023,9.506121216854472
1024,11.304638222931848
1025,4.660179691494665
1026,10.23734773922544
1027,7.464806468461762
1028,9.938714937375162
1029,3.6285619783861507
1030,8.064364593113517
1031,11.824520706383947
1032,9.641592860074699
1033,13.45907678501028
1034,4.26941074946167
1035,13.174311202478771
1036,7.401141403218477
1037,8.728854375614663
1038,12.3832861305427
1039,8.99447201140512
1040,15.461309439903504
1041,10.420038458777608
1042,9.147287032768283
1043,9.993094633756858
1044,12.859242182027922
1045,13.12947070187961
1046,9.865087591664558
1047,14.65843763553215
1048,14.164420971103345
1049,14.60244437049307
1050,14.457765689922569
1051,3.1754467494998906
1052,3.0409253144717545
1053,3.787795703085241
1054,3.9714618570416773
1055,7.903743924425833
1056,4.816276530924847
1057,8.51133256062566
1058,7.517302014013506
1059,11.28401902055637
1060,7.250183057685626
1061,8.0297514639143
1062,12.858467237048533
1063,6.60717598486663
1064,12.19567900543227
1065,5.653315612940882
1066,7.992482696664115
1067,6.439155208965797
1068,6.978146068176876
1069,7.349172135707831
1070,7.556181386426649
1071,9.134646870068078
1072,8.544609468292595
1073,6.373384130339268
1074,10.085880990058193
1075,11.109763029249178
1076,9.536426207547722
1077,11.465450234065058
1078,8.652661942586029
1079,9.08980069513929
1080,9.392836981759853
1081,3.2534892128670343
1082,20.80728379880638
1083,15.437875703279488
1084,9.9496815447172
1085,5.320742522571702
1086,2.0862265975946794
1087,8.007904194662867
1088,4.679325149965634
1089,14.16033793764861
1090,10.240512201923197
1091,15.566417096474076
1092,5.017365709396582
1093,4.16099869288753
1094,6.5159359035717
1095,7.700483785680806
1096,5.766098443568437
1097,11.317331737948376
1098,11.748908404095701
1099,15.160407097331849
1100,12.486157582072657
1101,12.064720033324093
1102,9.55423813194165
1103,7.854149075218291
1104,8.399035425037164
1105,19.02605830740116
1106,12.722820876850086
1107,9.849462712870388
1108,14.874892782063862
1109,13.75252604373612
1110,11.901722273220896
1111,2.2246715790005798
1112,0.9948661179764822
1113,2.7279032241363232
1114,5.041963282444638
1115,3.672969856239331
1116,2.0513068204419196
1117,7.9623466475032725
1118,4.5773713832815695
1119,4.58200407411132
1120,6.971749978837426
1121,5.715684812346926
1122,9.761547796354384
1123,3.3449580577895732
1124,8.943864341401179
1125,7.19918981868463
1126,7.314582801767796
1127,7.1838600749869785
1128,7.779955668040078
1129,8.859428803255286
1130,12.316395787911938
1131,4.090692986223434
1132,9.342022273108968
1133,10.635472681422435
1134,8.961095773589848
1135,9.903280826149528
1136,10.113266288375346
1137,12.397527576468713
1138,9.093824293912192
1139,10.136188434118818
1140,10.17927149890196
1141,8.87340865013179
1142,4.75600588398364
1143,15.814754219867533
1144,4.1483883202435665
1145,6.587185883383673
1146,14.690491441863553
1147,10.237112484084928
1148,8.118128656363568
1149,10.329642761666262
1150,13.438767777158457
1151,6.829825869515056
1152,8.40896722340204
1153,3.3795182652713907
1154,8.669859855336188
1155,14.862936028506468
1156,11.656724879677554
1157,10.964545272943704
1158,12.432331814943161
1159,19.102283435758288
1160,12.1798539617114
1161,9.728206827921284
1162,16.043694913316973
1163,10.476178944314814
1164,15.022185378699053
1165,16.92609139199282
1166,14.765068377520848
1167,11.594237312094098
1168,19.469358245985834
1169,15.897475107625576
1170,14.775071946226335
1171,9.358267871904607
1172,2.626694306911166
1173,8.901868428660494
1174,19.474218957394978
1175,3.2206757274263893
1176,3.264591174898981
1177,7.74360432146371
1178,5.959786294773592
1179,18.162995332947226
1180,10.154219753611828
1181,4.9493821547787284
1182,3.0237545780164696
1183,17.92994295667612
1184,9.287430998826025
1185,10.164445747142548
1186,14.382638250985174
1187,12.878625911894646
1188,15.310076154767836
1189,14.300002886394278
1190,18.76712322907632
1191,19.513931221296446
1192,12.143838639529719
1193,8.240579239594595
1194,20.753271366076994
1195,14.921964628688976
1196,14.978527064968587
1197,18.16898609019549
1198,7.7634109419537065
1199,14.372797083558659
1200,14.652240278406424
1201,6.809275179507012
1202,5.74488689218343
1203,6.789736272746683
1204,7.961505171381342
1205,12.64132730659856
1206,8.989452680266062
1207,13.524481315517468
1208,5.8564790421567965
1209,8.831224437164966
1210,7.722988100610025
1211,10.509524895674854
1212,11.975891601371146
1213,13.882847181507685
1214,9.40280352556971
1215,6.477084837507318
1216,11.692181706058339
1217,10.90454473774283
1218,11.81005817694276
1219,10.572964563270384
1220,7.9203731585366475
1221,8.877286416662143
1222,11.865516557797879
1223,11.602808778054932
1224,10.930394983069991
1225,10.74443974511625
1226,11.864848372236741
1227,12.62010036843085
1228,11.647687537837554
1229,11.843490644909986
1230,10.944162622418622
1231,10.92490604948995
1232,13.730464749456429
1233,12.748184399418228
1234,14.272374802329882
1235,10.12469286389602
1236,9.89464937443346
1237,11.99850863304918
1238,4.812491747916259
1239,14.465719946638401
1240,9.77168602794377
1241,8.045997047156966
1242,10.056771563031594
1243,6.941178948143899
1244,6.782007297368326
1245,13.180051029759396
1246,7.357746071635345
1247,11.39353819925031
1248,12.365064184906611
1249,11.824083420105532
1250,11.880448273733617
1251,13.958911518077253
1252,12.037371236879917
1253,14.710954791600198
1254,14.704946288519949
1255,9.229379942009505
1256,10.459588521092218
1257,8.90097106243574
1258,13.425226347938853
1259,14.26600666780663
1260,11.053446009048312
1261,12.221632603369406
1262,7.590604753860538
1263,3.69919938929917
1264,4.29147484896234
1265,16.992580331417933
1266,14.331177820323406
1267,7.771211999515288
1268,14.99522982737697
1269,15.744313421597253
1270,16.662448915552893
1271,9.201763536532708
1272,11.426193779833358
1273,16.34680218331718
1274,14.267700499151335
1275,6.773028710956471
1276,15.566175036594615
1277,14.414803984751929
1278,16.359672265965486
1279,13.837473170653345
1280,13.82687040229407
1281,12.563783823375179
1282,11.978917207590948
1283,14.53788157095937
1284,12.724635062145007
1285,16.07359745074826
1286,15.743059718243654
1287,16.811043216251225
1288,16.291880530905143
1289,18.02467233490148
1290,13.825930512163216
1291,9.377591331057484
1292,7.323950936701719
1293,10.206916957311595
1294,8.04379734875278
1295,10.86563083392359
1296,9.178364318630358
1297,6.9545329755243515
1298,8.908351176845962
1299,13.985460968375506
1300,8.409700555660594
1301,9.117235012969585
1302,10.82231891713927
1303,8.195022715433225
1304,7.452568474872904
1305,11.675554282830332
1306,13.97891404995716
1307,9.840915196778491
1308,13.993713850609412
1309,11.797163569574735
1310,9.12527715213907
1311,12.089108119700416
1312,7.213313386359977
1313,10.07991546042801
1314,12.537490540280292
1315,8.736027076451817
1316,10.27135133296038
1317,10.012838328531702
1318,10.944496666942552
1319,13.249303830457986
1320,11.989855957833242
1321,5.60710227520317
1322,2.489265853982129
1323,4.7725421595273225
1324,1.074361758206205
1325,2.8484449235521336
1326,8.827930586955983
1327,5.676643398485542
1328,4.21217507848125
1329,5.0732826183318105
1330,10.56046670607438
1331,5.63096022230285
1332,10.47122592295576
1333,3.607308957205624
1334,8.088128061282946
1335,7.196980767087153
1336,12.134084207066586
1337,10.551973791749765
1338,14.26398939465898
1339,10.293364341283485
1340,10.073589201714878
1341,9.461078371955411
1342,8.633375437442318
1343,11.9329428975177
1344,10.495507437038327
1345,10.505693318010142
1346,12.96063853497146
1347,10.491632992647952
1348,10.151709651370071
1349,11.881850720993148
1350,11.655846712234545
1351,9.058855932149653
1352,7.309060645806531
1353,12.504267087198425
1354,4.0245811442304245
1355,6.820811259235015
1356,8.299118823938034
1357,3.7914928834589423
1358,4.358062687845122
1359,12.528784438297636
1360,7.3853947853450075
1361,1.2371726671000087
1362,5.401726729820695
1363,6.563552492768353
1364,7.4524358182333845
1365,6.926751044699792
1366,11.50439910375933
1367,10.61285990516016
1368,10.214856336756778
1369,5.75553605339546
1370,7.680486617423228
1371,16.55198302173195
1372,10.438784045343874
1373,8.591679438847452
1374,7.773980231213216
1375,9.608537993734672
1376,8.897900463202127
1377,9.512237349482627
1378,10.500268295429978
1379,10.282272414793148
1380,10.456697757889643
1381,4.265220375086109
1382,9.628989863362259
1383,7.615399644088251
1384,11.856881387631656
1385,7.810880434415204
1386,3.305156675855809
1387,7.660548566634856
1388,5.889942753281566
1389,3.75074694026511
1390,7.576064246408335
1391,5.994203435791074
1392,5.382007557910984
1393,5.72973447163034
1394,8.892762368571882
1395,9.182790265983101
1396,9.73009909608736
1397,9.402031319129453
1398,7.483725402549355
1399,11.254925983100634
1400,11.05519238048188
1401,10.124268199600543
1402,11.212421344331542
1403,13.8399886278393
1404,11.53977820052996
1405,11.846625579481032
1406,8.489930352712754
1407,9.55329104298494
1408,9.165410816163837
1409,12.33624212173584
1410,7.767317813458154
1411,14.556726585140703
1412,17.40511476358815
1413,4.515532644634322
1414,12.653048286974983
1415,24.981226339367375
1416,10.870859837891878
1417,11.6639635560789
1418,19.740055707626315
1419,16.973830656079045
1420,7.3419679919674055
1421,13.535214857089302
1422,13.606162777690123
1423,10.216980744003829
1424,17.90112148971326
1425,9.320901126189199
1426,8.92007250994438
1427,8.487499621601188
1428,14.118306125426404
1429,14.165007903139651
1430,12.375255515309025
1431,14.77907697340219
1432,15.707603285504783
1433,16.873027201889048
1434,13.397466992944146
1435,21.07199748508761
1436,15.148400086322972
1437,17.04841310209878
1438,16.410563984741465
1439,16.07823282205096
1440,15.38484511983647
1441,2.7227608282459577
1442,3.1882292683489926
1443,2.4573113601499523
1444,35.257969081672876
1445,0.40133952074803303
1446,3.758124387653356
1447,37.62022340029947
1448,9.87182591077147
1449,2.705569740196812
1450,6.51811377527917
1451,3.3395315840996105
1452,1.754250737075083
1453,12.651580111132592
1454,6.24631632878712
1455,10.596076009972892
1456,7.033148055663087
1457,4.895912163591223
1458,8.215078683454687
1459,9.226035929287633
1460,21.812199533336965
1461,27.09802932529715
1462,15.262750715287208
1463,20.153518188041506
1464,36.31425755250782
1465,32.203224450573515
1466,12.409537538316968
1467,18.75963086357529
1468,15.475923409602206
1469,19.22091969961493
1470,33.21822549607379
1471,13.539417289077072
1472,18.86498558766391
1473,16.432370683045058
1474,14.890911300527701
1475,9.076578404785053
1476,13.826609618487945
1477,13.388064410061075
1478,10.656767471359654
1479,9.408347560234256
1480,7.761439481701066
1481,7.915464540926868
1482,12.848559254606158
1483,10.091608987863978
1484,13.01827035244846
1485,7.539075860724645
1486,11.864153255439387
1487,16.20772648158021
1488,13.995596567598891
1489,17.11731751580854
1490,17.664376986923052
1491,13.775580000253342
1492,12.345854330172028
1493,12.124289342107327
1494,10.456530659546182
1495,14.0592558399323
1496,17.198499734820363
1497,11.529469973050885
1498,15.600718330562414
1499,17.90361757637343
1500,13.248521637668823
1501,3.182988509309919
1502,5.181398759910869
1503,10.424163703888906
1504,8.975171191386018
1505,2.166537969858198
1506,4.918059579251367
1507,4.2291182889687144
1508,1.4104103901665392
1509,6.611575583639908
1510,6.781542111581844
1511,5.077271763457243
1512,-2.365581687250126
1513,6.849599248140823
1514,6.4202159211655125
1515,5.471606765339569
1516,7.916025641799167
1517,8.75032993019466
1518,9.829478558592584
1519,7.1382478645495695
1520,13.61702429522101
1521,6.906905209601916
1522,11.051603381041177
1523,22.149256873394584
1524,17.390725457177908
1525,12.283342506811984
1526,25.196467523084433
1527,34.43133194283408
1528,17.421428302089943
1529,15.765101899040188
1530,18.050584294565056
1531,8.578524370880732
1532,2.0166376638707333
1533,8.727849996390425
1534,1.1029640702066772
1535,4.61001921755569
1536,4.033498185778273
1537,4.9681214723993845
1538,4.5412694532081535
1539,6.904554441602489
1540,7.614846078326304
1541,3.0615983132113493
1542,3.0063850697736436
1543,2.602410352989062
1544,6.433861278483765
1545,9.745625175606897
1546,5.443449850402435
1547,6.077002552236397
1548,6.634417546287422
1549,9.02407796949313
1550,9.966844718494805
1551,7.421173383845919
1552,10.76714769738944
1553,9.917662519347004
1554,7.895222113341079
1555,7.022249661465531
1556,9.714151032226194
1557,9.526529871085485
1558,10.177048519116045
1559,8.350224242381636
1560,7.48403753092497
1561,7.9750664311725235
1562,2.9427658638409246
1563,13.753275247035505
1564,2.3828163388477193
1565,6.723287109866336
1566,0.8340806096027733
1567,4.908733573005511
1568,9.274178237079354
1569,4.483231526814282
1570,3.9046219811492513
1571,4.235077904382221
1572,3.922254973203887
1573,3.6579194792722958
1574,4.344602206952709
1575,5.797193385430566
1576,11.593246881613608
1577,6.799015600114964
1578,7.026455353965
1579,8.083428763331057
1580,10.270558962862902
1581,9.963418555008996
1582,8.969484991588923
1583,7.635797809375138
1584,11.041381446342005
1585,10.311744742321405
1586,10.791120701586864
1587,15.233956300826488
1588,9.592801611263955
1589,11.883874834662173
1590,10.696005353568319
1591,16.440733122913336
1592,2.4200895971272836
1593,8.389995041075426
1594,5.355342703833257
1595,20.173566922108932
1596,-0.14601074961487182
1597,4.059754666983714
1598,5.258428145055847
1599,6.014645928017474
1600,7.2277873309951595
1601,9.466003433424946
1602,8.11881360782781
1603,9.296274489233145
1604,9.821426134283406
1605,12.32585107308992
1606,7.826979502371218
1607,11.907040889050682
1608,6.480286910836284
1609,11.61524427901236
1610,20.370172825228217
1611,21.090828393160393
1612,16.309364424708328
1613,13.125381790463756
1614,8.59302881228271
1615,13.229745660436633
1616,11.799536570050407
1617,12.66650960115863
1618,11.75274433907894
1619,15.165223340146717
1620,12.299719792091496
1621,15.774423854481125
1622,14.581411243883187
1623,3.819528166884804
1624,7.504357749398407
1625,20.223942977518433
1626,2.2023647269940336
1627,8.956205728650989
1628,12.496148322341714
1629,9.929448474698951
1630,17.78804755810183
1631,7.812152815877358
1632,11.442501439455599
1633,15.129008529268223
1634,2.3265968721506196
1635,15.840413980646888
1636,14.06397305292682
1637,12.311625840460438
1638,8.763940862206985
1639,16.260154819825022
1640,17.020138824827768
1641,4.5897000310951945
1642,15.287179028798148
1643,11.56779815730026
1644,11.932997289957317
1645,14.199957550000146
1646,13.632299141563273
1647,20.336622617400163
1648,15.26813925489094
1649,15.491432732297605
1650,19.745878209738233
1651,5.150533442845615
1652,14.182493808804773
1653,8.323021549369287
1654,5.432615357178054
1655,6.685573526792832
1656,4.839525390295804
1657,5.487117232758493
1658,5.7992980196906885
1659,6.24296025198423
1660,9.486123100945253
1661,10.384704531821281
1662,7.37206146141504
1663,10.773703451872452
1664,11.656968232391446
1665,8.41711048093286
1666,11.388012423757846
1667,9.13786286716115
1668,10.3505004546743
1669,7.618162465225646
1670,4.516146293996436
1671,9.322616680050244
1672,8.272033052464248
1673,10.062320426695292
1674,7.0138736447110785
1675,8.476559820320062
1676,9.251848733502491
1677,10.447467549760221
1678,10.824803701130245
1679,10.066216137065123
1680,11.470972603613664
1681,11.96921665644053
1682,9.575257784341227
1683,12.862142394125415
1684,5.557148131876213
1685,5.225380291168419
1686,8.50414997509458
1687,7.694965368643636
1688,3.1998064939646835
1689,4.799140904041915
1690,6.0303662203131685
1691,11.487743302370934
1692,10.60577512245587
1693,9.121681889803405
1694,9.76147591718626
1695,4.7550172548500775
1696,8.81606957534134
1697,8.896220458834645
1698,10.339019388899892
1699,10.055949613480744
1700,12.050634424029315
1701,8.850135573376676
1702,7.186051988474946
1703,9.593245904344887
1704,9.01673335343521
1705,11.61289374290013
1706,9.950670894129651
1707,11.243012672745275
1708,9.747563918234832
1709,8.72221762227362
1710,8.345252276845377
1711,9.712938633690028
1712,4.303801643343852
1713,3.1085511527487544
1714,3.081011911488804
1715,1.9645133589858728
1716,4.056488305455844
1717,3.9791943277689827
1718,5.746222605290095
1719,5.229547919200531
1720,8.501291327078215
1721,3.6460215919786756
1722,8.310832279552907
1723,5.77370361216018
1724,11.063029691140446
1725,6.264820100790115
1726,8.718955189932489
1727,10.108665526544419
1728,9.092665920634033
1729,8.304181215372443
1730,9.135374135346975
1731,10.572590997664724
1732,8.546928204986898
1733,9.866473303980985
1734,9.084382654291543
1735,7.801028893058319
1736,8.643818905473486
1737,9.519070719658814
1738,9.859387363547869
1739,9.788659017180015
1740,8.204663285984573
1741,7.282523600308057
1742,2.8193436141754997
1743,5.794652384987232
1744,0.4151823789271037
1745,13.329111900320239
1746,7.494724523528726
1747,7.669117247252683
1748,6.453245942164775
1749,4.5124695101627506
1750,6.062051471015123
1751,6.951433159746625
1752,6.188258510526495
1753,4.870670193368856
1754,9.312158276038522
1755,10.756809709816906
1756,8.773626702827242
1757,12.700209113173152
1758,10.925707647351198
1759,7.6421672387349044
1760,10.62997808736347
1761,11.253420893134342
1762,8.307443955029195
1763,8.603180713859171
1764,9.509709927885142
1765,9.425274428138316
1766,9.24084243782353
1767,8.71491224897762
1768,14.339205275008124
1769,12.77860401693891
1770,13.514349759020163
1771,9.166994077059268
1772,7.5670348473532405
1773,6.146374928495301
1774,4.332657116936311
1775,2.587209794100288
1776,7.353617662025866
1777,3.6866850678995147
1778,5.672894797545968
1779,8.52664577440648
1780,8.42989379497744
1781,8.348557544161304
1782,4.634572666957176
1783,6.942060847901232
1784,6.466991315196585
1785,6.371191570526806
1786,8.368068829991033
1787,8.41464090506375
1788,8.093621339976933
1789,9.336247582071413
1790,11.066574972451004
1791,10.43261684825702
1792,11.179585463937933
1793,8.814245924203998
1794,9.250526007791223
1795,10.637612062657592
1796,10.909719601726616
1797,10.06678419581482
1798,13.970061038240857
1799,16.292854865199637
1800,12.166869892229062
1801,7.5638592413207855
1802,9.074495614813499
1803,2.399792955017887
1804,1.3267368713235397
1805,8.224004278435979
1806,7.210830595707428
1807,4.230862190305391
1808,11.085327985423433
1809,3.0813287036479444
1810,10.044061248908646
1811,4.4129189800546085
1812,5.8942690326223515
1813,7.408215624205853
1814,4.241996978795774
1815,9.882179434376857
1816,6.046763552185512
1817,6.6742849631254675
1818,6.619561656916693
1819,7.898450550063907
1820,6.93006043154505
1821,8.642267202042936
1822,8.502722093259106
1823,6.5776690985159645
1824,10.840818261862779
1825,9.126998232908507
1826,7.440089535790172
1827,9.504381873772486
1828,7.276087390556089
1829,8.32043506243596
1830,8.08251218968476
1831,4.103775744381835
1832,4.835938092483646
1833,5.101597897669943
1834,1.2590183518490132
1835,4.564229157617492
1836,2.8537539607458635
1837,7.296274545406283
1838,9.151818133029144
1839,5.76131866780208
1840,6.480819879862158
1841,3.026360196666147
1842,7.005843285706332
1843,9.554381988674262
1844,3.6888095378278902
1845,8.905657849647325
1846,8.19438677561513
1847,6.720373059735325
1848,6.558079438801772
1849,6.650713430959639
1850,8.448513078368546
1851,6.969648895414179
1852,6.80343011753389
1853,8.193468010660709
1854,8.417902604110045
1855,6.5555094978451915
1856,8.244776436049166
1857,10.182542249239344
1858,10.046458368466743
1859,10.614655489347607
1860,9.689144804752917
1861,14.516726053965026
1862,7.918723685491203
1863,12.20697027127067
1864,11.560189865306466
1865,5.062278458648041
1866,3.6699780107005076
1867,12.485302223829306
1868,10.39123819196684
1869,8.55739840635844
1870,4.22830248994429
1871,11.812574639394816
1872,4.6596499042790365
1873,3.366524148056679
1874,8.633336770861648
1875,6.621568693578058
1876,6.121090006110262
1877,8.754670410910673
1878,7.380263302984294
1879,5.827786617263128
1880,4.173886928934342
1881,7.26462965102552
1882,9.230094637192956
1883,7.354444333121379
1884,10.896952860773716
1885,9.541361498510017
1886,8.149317903416506
1887,9.360567926961151
1888,10.321989056104593
1889,8.34356968157107
1890,8.732842363910722
1891,5.741465284814325
1892,9.610116543644308
1893,3.868832748587316
1894,5.420486318087577
1895,3.7795780837884885
1896,2.8553966514073847
1897,3.746892569945653
1898,2.329522036733515
1899,6.903473244167526
1900,7.030867821328775
1901,2.4653386094950647
1902,5.906634712232432
1903,7.38073663273478
1904,8.364902279529957
1905,5.7147854191165495
1906,7.926782278799499
1907,8.375594610597508
1908,9.198704068828732
1909,12.341234572143572
1910,9.11073807724765
1911,9.72863748940497
1912,3.7264774670076473
1913,9.604787986017165
1914,9.85770331746641
1915,8.791513168999078
1916,8.824504444776577
1917,9.244744781728858
1918,8.978197557628132
1919,8.318005161877903
1920,7.5555068091799855
1921,2.7679285773324267
1922,5.38261649389969
1923,1.2013843846895442
1924,4.66913449486023
1925,3.785658165786426
1926,3.5937492008278182
1927,4.256798193099439
1928,3.912188868985005
1929,4.174560717432586
1930,3.896873399845384
1931,2.4035826408237018
1932,3.7160850133042187
1933,5.5747881242208575
1934,5.0345174724805695
1935,10.462110099124665
1936,7.600155985463296
1937,7.120098928706071
1938,3.5179440362615777
1939,7.202017691416504
1940,10.225205197968295
1941,8.835896223712357
1942,6.280409625070726
1943,8.713529728882698
1944,8.657023098936152
1945,7.914072924208735
1946,9.521699725818813
1947,9.394624030337992
1948,10.06029028132974
1949,10.921976652649391
1950,7.624733814621375
1951,3.1976474322938317
1952,3.8707165748385055
1953,3.0072980704112244
1954,2.3567353004506093
1955,1.3869923255296772
1956,5.128224695432114
1957,2.0017942908257913
1958,6.357544494733334
1959,2.881787459570189
1960,4.661962777395376
1961,2.60278043496678
1962,4.367089273048366
1963,4.382514372919454
1964,5.842916858072603
1965,4.643647866941943
1966,5.072982205209169
1967,5.906350155135569
1968,5.988964547806852
1969,7.26096623847296
1970,7.376215439050843
1971,3.6039442239297164
1972,7.240181869748302
1973,9.01049180437502
1974,7.046389024316331
1975,7.887079769961284
1976,7.498596263381293
1977,7.385737309416285
1978,9.053349212316688
1979,7.840286879229032
1980,10.317030077833717
1981,10.844892160612222
1982,1.699534027695714
1983,1.322347434043031
1984,3.594319096803823
1985,5.857432348781227
1986,2.1217317141855436
1987,7.343682140037503
1988,4.397111849449415
1989,7.6990837248628
1990,6.176979920894981
1991,2.7058352107533623
1992,6.319228747817852
1993,13.67204435512361
1994,8.87985820948292
1995,13.100280828736999
1996,8.22095130338116
1997,11.664895169404787
1998,11.340572156968376
1999,11.941144286174158
2000,8.08192653618238
2001,4.073147876114498
2002,8.798043451519943
2003,8.966389442765148
2004,8.56409372014173
2005,8.760225882720999
2006,10.488260706526802
2007,11.450964990070604
2008,16.023350988761376
2009,15.447300161981497
2010,12.801937604838699
2011,6.693179882409305
2012,4.192560067281338
2013,3.7712977914421555
2014,11.64530537524107
2015,2.6857564293229204
2016,5.25025574980922
2017,11.396007092103725
2018,3.5403293780593086
2019,9.351006965730944
2020,8.063288266475299
2021,4.369235487727517
2022,12.159104085755242
2023,2.8482103583613045
2024,8.659348052287326
2025,6.948759440047753
2026,5.438850062580014
2027,7.700836114624824
2028,7.626350412803883
2029,6.8137377778240875
2030,6.441984172195773
2031,6.966082651315963
2032,5.444685279812365
2033,8.779172370493377
2034,8.323224185342363
2035,5.927787211872645
2036,8.733092825561075
2037,11.061359322537315
2038,10.362083590531283
2039,9.821705317600406
2040,8.870981000707204
2041,16.91583262356762
2042,15.501084899678318
2043,4.547964653098983
2044,5.378671619161224
2045,13.554571283573464
2046,16.324260833400814
2047,13.750847379081414
2048,8.57660740261386
2049,17.264985684860537
2050,13.376639776037349
2051,6.806850481023323
2052,9.075953653812693
2053,18.72865878740995
2054,16.885916622960575
2055,19.67751895975617
2056,12.249199245965702
2057,13.373188698141774
2058,18.43328052899388
2059,11.624459889750195
2060,17.834669799880846
2061,18.61790590913995
2062,10.600771885139167
2063,13.158607140270778
2064,16.65967216735407
2065,19.02875108807459
2066,15.447391292365712
2067,14.174985698225326
2068,14.661054595674369
2069,12.918011474841467
2070,12.913049878547183
2071,16.96087567334955
2072,16.194685013322566
2073,8.720563595453141
2074,13.41832636030702
2075,9.997391628313077
2076,21.138969261205393
2077,13.673185684194756
2078,13.574659462139653
2079,18.33579007657716
2080,7.554339904150808
2081,16.05665819399388
2082,13.9504562877454
2083,16.55903448986708
2084,8.333915759317776
2085,15.020622975331083
2086,9.767785852510627
2087,15.077107301924954
2088,6.8400429665061875
2089,15.615504356857318
2090,14.486165408834147
2091,12.177426279817992
2092,12.35402104765888
2093,13.223741523692375
2094,12.440788408257069
2095,16.50510017787831
2096,14.650764878920683
2097,12.886594261005255
2098,17.844741878611433
2099,16.1889188595692
2100,17.086206113081847
2101,6.5222793378559185
2102,4.047671789347377
2103,4.613007837333899
2104,10.196927686630662
2105,8.385455893987569
2106,3.0891258364920002
2107,4.94255722293769
2108,2.7478818275026127
2109,11.358595016312687
2110,11.251472932057776
2111,6.417280138739355
2112,4.651852869271874
2113,10.81997056257746
2114,11.00349143049803
2115,9.819298645014904
2116,5.948070239454325
2117,6.908105416257701
2118,13.52355003025636
2119,11.341772490858153
2120,12.655487039434801
2121,10.5189177280173
2122,13.257417606603797
2123,12.642121898948329
2124,8.876032104427786
2125,9.728952705185552
2126,12.466104499844333
2127,9.81275184216642
2128,11.755246128850246
2129,10.751517025675149
2130,13.617991896448153
2131,4.959275829827294
2132,4.14181858517247
2133,8.183790776113696
2134,15.62630239327045
2135,12.806941856176996
2136,13.610905969397159
2137,13.662102626475221
2138,5.1943257149112005
2139,6.649115043843189
2140,6.788559053597714
2141,10.954703228879204
2142,5.463914882709706
2143,6.458953480369609
2144,11.311468551719836
2145,5.943895327111189
2146,6.30438092466376
2147,7.211707782168444
2148,5.4812899148712955
2149,10.65152688976633
2150,9.647909650500406
2151,9.01395078261554
2152,7.050475639512049
2153,11.325419620278321
2154,11.764704411655655
2155,14.950528302596732
2156,7.61115256878332
2157,13.188157943318334
2158,8.488078295815788
2159,10.096218803922257
2160,9.733764663560716
2161,2.7316545832740706
2162,8.940716837760299
2163,14.396145403330852
2164,9.5254408992143
2165,6.2520926433090045
2166,4.269052024519245
2167,8.783878365962124
2168,9.666247853103384
2169,6.964118597227724
2170,10.965554519117068
2171,10.975534824427687
2172,13.755968978517215
2173,13.069897733758483
2174,12.942718060988131
2175,8.048359755839824
2176,9.647248312808873
2177,6.158044011831818
2178,7.621813760331218
2179,7.444611137640388
2180,12.2384004750193
2181,7.332498594418199
2182,10.329539261196977
2183,12.439974047888544
2184,11.655781111866052
2185,8.755373272564075
2186,13.16026979719182
2187,11.501483265979804
2188,9.660329794824023
2189,10.078536757158124
2190,11.728449258645425
2191,10.555088982389677
2192,7.530667261790245
2193,13.361954107432101
2194,10.40911005950361
2195,13.799862176201808
2196,9.147172011099192
2197,6.5059152944010545
2198,11.95408218517628
2199,11.4053755552716
2200,11.968493252599313
2201,12.452021187832553
2202,6.942262598065266
2203,11.16733955720851
2204,9.550451574844786
2205,9.949021399553914
2206,8.29405780489376
2207,12.865676423056378
2208,9.070044075205796
2209,11.777583098859113
2210,11.74189283839033
2211,12.251743254163944
2212,12.18116697240207
2213,13.916220478581968
2214,11.650293286201096
2215,9.272424252518062
2216,9.914098903364154
2217,10.4927464231177
2218,12.727565565980685
2219,13.364384640337297
2220,12.42739502784326
2221,13.952060805541691
2222,12.475897660653557
2223,1.7333350980556035
2224,7.774220506157979
2225,11.661783558419106
2226,10.16438305165259
2227,7.514788331237684
2228,9.560502411199282
2229,7.501559032070445
2230,6.608138028497485
2231,9.06795484995472
2232,10.764537501736932
2233,6.863024636377257
2234,5.058797177038008
2235,13.150302792562423
2236,11.625220041554144
2237,7.725502463942875
2238,4.5382680413912775
2239,8.73846455784503
2240,10.414417930669309
2241,7.227938970014919
2242,8.349904944032728
2243,8.949552039619014
2244,7.297415919545146
2245,9.464861375116069
2246,12.246742174787238
2247,14.348809992849942
2248,8.833868520721225
2249,14.602053198312655
2250,9.630107807852891
